batch_source,label_type,label,id,hubspot_ticket_id,subject,category,subcategory,create_date,priority,hs_num_times_contacted,thread_length,participant_count,last_message_ts,last_message_excerpt
random,category,Technical Support,d0774a0b-ed5f-49ee-bf26-d3f4ea82032e,84138780911,Utelader offline,Technical Support,Charger offline,,,3,,,2025-02-09 09:09:46.929000+01:00,"Hei, Igjen Heidi.  Du fÃ¥r beklage litt forhastet svar kanskje.  Ser her vi allerede har sendt en sak til de angÃ¥ende denne laderen.  	 Jeg tar og purrer pÃ¥ de nÃ¥! :)   sÃ¶ndag 9 februari 2025 09:08:08 +0100, Volterra : >Hei, Heidi.  >Takk for at du tar kontakt.  >	 >Jeg ser her a..."
random,category,Technical Support,a4318604-bf50-4f79-a024-5f907c4777b7,92560299211,Laddare offline - Volterra,Technical Support,Charger offline,,,5,,,2025-02-26 12:32:58.281000+01:00,"Hej Charlotte, 	 Tack fÃ¶r hjÃ¤lpen! DessvÃ¤rre ingen skillnad, laddboxen Ã¤r fortsatt offline. Har ni Ã¤ndrat nÃ¥got med elen pÃ¥ er anlÃ¤ggning pÃ¥ senaste?  onsdag 26 februari 2025 07:06:25 +0100, Charlotte Wiberg : >Hej, > >Jag har kollat pÃ¥ elinstallationen nu ikvÃ¤ll och stÃ¤ngt av..."
random,category,Technical Support,15223f3d-c62f-4f3e-9967-4e2b36735a1f,17353216226,Volterra - status pÃ¥ laddboxar som Ã¤r offline,Technical Support,Onboarding,,,4,,,2024-10-29 15:07:29.313000+01:00,"Hej Caroline, 	 Fint att arbetet Ã¤r klart. Dock Ã¤r laddboxarna fortsatt offline. De behÃ¶ver vara online fÃ¶r att vi pÃ¥ Volterra ska kunna starta driften pÃ¥ dem.  Vi behÃ¶ver Ã¤ven att de ska vara online sÃ¥ att vi kan kolla Ã¶ver sÃ¥ att nÃ¤tverksuppkopplingen Ã¤r bra sÃ¥ att ni fÃ¥r en b..."
random,category,Technical Support,fbb02284-e9de-4300-8b9d-aeaabd31359a,222718518471,ladestasjoner som er offline,Technical Support,,,,0,,,2025-09-07 22:13:28+02:00,Hei. Vi har noen ladestasjoner i Hellenesset Borettslag som er offline. Gjelder ladestasjon 7 og 9. Ladestasjon 5 er det feil melding pÃ¥. Ser disse mld i appen. Forleden dag var hovedsikringen slÃ¥tt ut. Satt pÃ¥ hovedsikring anlegg startet opp pÃ¥ nytt. Sjekker dere hva som er g...
random,category,Technical Support,50386383-0a85-40fe-b7cb-3fbcb949d3fa,91776841915,Laddare offline - Volterra,Technical Support,Unstable charging,,,9,,,2025-02-24 16:44:32.932000+01:00,"Hej Jonas, 	 Laddboxarna Ã¤r online sedan 21 Feb 2025, 13 tiden.  	 Stort tack fÃ¶r hjÃ¤lpen!  fredag 21 februari 2025 13:11:52 +0100, Jonas Victorsson : >Funkar det nu? SÃ¤kring bytt > >tors 20 feb. 2025 kl. 16:08 skrev Volterra : > >> Hej Jonas & Backvindeln SamfÃ¤llighetsfÃ¶rening!..."
random,category,Technical Support,b37ab0c6-94cd-4513-970a-d7a567acbf15,121014813933,"Viktigt, laddare offline ",Technical Support,Charging,,,2,,,2025-04-22 11:44:39.210000+02:00,"Hej Ruslan, 	 hoppas du haft en trevlig pÃ¥sk! 	 Jag har bifogat samtliga anvÃ¤ndare pÃ¥ Randersgaraget som har ett aktivt abonnemang hos oss pÃ¥ Volterra. Jag har Ã¤ven kikat pÃ¥ er anlÃ¤ggning och kan se att samtliga laddare Ã¤r online och fungerar felfritt :) 	 Ã–nskar dig en fin dag!"
random,category,Technical Support,e4857272-46b5-405a-9219-a1296bebc42c,82616912111,Laddare gÃ¥r offline,Technical Support,Unstable charging,,,8,,,2025-03-11 10:51:58.122000+01:00,"Hej Martin, 	 Tack fÃ¶r ditt mejl! 	 Jag har undersÃ¶kt din laddare nu och ser att den har dÃ¥lig uppkoppling. FÃ¶r att lÃ¶sa problemet fÃ¶r gott behÃ¶ver man eventuellt bygga ut nÃ¤tverket i ert omrÃ¥de. Vi kommer kontakta styrelsen i er fÃ¶rening gÃ¤llande frÃ¥gan.  	 Vi Ã¥terkommer nÃ¤r ..."
random,category,Technical Support,103919d7-7700-470c-a759-b34fcce5f53b,113150448884,Lader offline ,Technical Support,Charger offline,,,4,,,2025-04-01 13:11:08.281000+02:00,"Hei igjen og takk for bildene Tom,   Ladestasjonen er offline og uten strÃ¸m siden den ikke lyser. I slike situasjoner pleier vi Ã¥ skru strÃ¸mmen til ladere av og pÃ¥. Det er sendt SMS til kontaktpersonen i borettslaget for Ã¥ gjÃ¸re dette fortlÃ¸pende.  Tusen takk for at du gjorde ..."
random,category,Technical Support,809f8c8e-4a75-4c56-8aa6-785007800c27,142794319072,Laddboxar offline - Volterra,Technical Support,Charger offline,,,7,,,2025-05-21 10:08:39.275000+02:00,"Hej, 	 Toppen, Ã¥terkom gÃ¤rna vid fortsatta problem!ðŸ˜ƒ  onsdag 21 maj 2025 07:55:27 +0200, ""[EMAIL]"" : >Hej. >Vi drog ut och satte i en kabel som gÃ¥r till den stora mottagaren som sitter utanfÃ¶r garaget. >ðŸ˜„ðŸ˜ðŸ‘ >________________________________ >FrÃ¥n: Volterra  >Skickat: den 20 maj ..."
random,category,Technical Support,cd6b74d7-c5c9-49fb-a38a-dbd7b9f248a1,6501269988,Re: [Zaptec] Re: ZCS034953 / offline charging questions,Technical Support,Other,,,2,,,2024-09-20 07:44:53.115000+02:00,"God morgen, men enda en gang ikke fen god morgen for meg og min lader  1. Bilen ble ladet, bra 2. Se vedlagt effekt ladekurve.Min analyse: Zoom inn fra venstre pÃ¥ kurven: A: Lading starter helt perfekt med ca 4,3 kW/t. B: NÃ¥r effekten overstiger 6,5 kW/t klarer ikke laderen Ã¥ ..."
random,category,Technical Support,7b6be3a9-27fb-4795-a14e-db3549617b68,91677743331,Volterra - Vissa laddboxar gÃ¥r offline ibland,Technical Support,Charger offline,,,3,,,2025-02-27 10:43:43.288000+01:00,"Hej! 	 OPIGO har tyvÃ¤rr inte dokumenterat WiFi namn/lÃ¶senord i Zaptec portalen. 	 Dock ser det bra ut nu, sÃ¥ antar att ni redan hunnit Ã¥tgÃ¤rda problemet. Tack!  torsdag 20 februari 2025 12:54:38 +0100, Brf =?utf-8?Q?K=C3=B6rsb=C3=A4rs?=blomman 5 : >Hej, > > >Kan ni tala om fÃ¶r..."
random,category,Technical Support,f68061be-f966-4028-9d48-dba344bcd042,153573925075,Laddboxar offline,Technical Support,Charger offline,,,3,,,2025-05-30 12:02:58.065000+02:00,"Hej! Jag fixar det i eftermiddag sÃ¥ fort jag kommit hem.Â  Med vÃ¤nlig hÃ¤lsning, Andreas"
random,category,Technical Support,46655282-7021-440c-9440-cdf4f4676f97,194265878736,Lader offline,Technical Support,Charger offline,,,13,,,2025-07-30 15:42:32.512000+02:00,"Hei igjen,  	 Kunden opplever ennÃ¥ problemer med ladestasjon ZCS001948 og wifi. Er det mulig Ã¥ dele nett fra ZCS001978 til ZCS001948 ? 	 PÃ¥ forhÃ¥nd tusen takk!  Ha en fin dag videre :D  onsdag 23 juli 2025 13:34:22 +0200, ""Kristoffer Vik (Support)"" : >##- Please type your repl..."
random,category,Technical Support,0472eab4-2345-4248-998b-5d72fc298e78,127220715725,Laddboxar offline - Volterra,Technical Support,Charger offline,,,2,,,2025-04-24 13:12:16.705000+02:00,"Hej Selma,  Jag meddelade er i bÃ¶rjan pÃ¥ mars att vi stÃ¤nger av labbboxarna fram till i augusti dÃ¥ vi hÃ¥ller pÃ¥ att renoverar garaget. Jag hÃ¶r av mig till er nÃ¤r det Ã¤r klart och vi ska starta igÃ¥ng laddboxarna igen.  Med vÃ¤nlig hÃ¤lsning  Bo AhlÃ©n Ledamot Brf Viken"
random,category,Technical Support,592d4ed1-5acf-4ef5-8bbc-36fb2f0c2fc3,203169145057,Your inquiry is now marked as resolved - ZPR197700 - offline og uten strÃ¸m,Technical Support,,,,0,,,2025-08-11 11:01:29.225000+02:00,"##- Please type your reply above this line -##  ZPR197700 - offline og uten strÃ¸m Hi, Volterra AS!  We would like to inform you that your inquiry has been marked as solved because we have not received an answer for 30 days. TIcket description:   ---------------------------------..."
recent,subcategory,Onboarding,32963174-bedb-4f9a-8840-2ae639de70a2,346258629861,Inbound voice from +4794873871,Administrative,Onboarding,2026-01-11T01:12:32.693+00:00,MEDIUM,1,0,0,,
recent,subcategory,Onboarding,db08b841-995c-48ca-b7db-f3f55c75ee5b,345288241386,Inbound voice from +4792695049,Administrative,Onboarding,2026-01-10T21:40:16.725+00:00,MEDIUM,1,0,0,,
recent,subcategory,Onboarding,e189e443-ff3a-4a24-8899-d8f436043c84,345225876718,Inbound voice from +4799507947,Administrative,Onboarding,2026-01-10T21:16:10.546+00:00,MEDIUM,1,0,0,,
recent,subcategory,Onboarding,3d7a32ed-c77c-4517-be8a-a3f85ff468e4,345547599088,Inbound voice from +4740097062,Administrative,Onboarding,2026-01-10T10:16:56.43+00:00,MEDIUM,1,0,0,,
recent,subcategory,Onboarding,1560252d-d7de-4320-a032-8d4daf2ffe8b,345315118287,Inbound voice from +4792606840,Administrative,Onboarding,2026-01-10T09:07:21.841+00:00,MEDIUM,1,0,0,,
recent,subcategory,Onboarding,10c448cf-99d8-47a6-8950-9dc4084cef76,344020394196,Outbound voice to Internal,Administrative,Onboarding,2026-01-08T11:43:46.084+00:00,MEDIUM,1,0,0,,
recent,subcategory,Onboarding,eac79013-2d75-4ba9-b394-f47a05c8b853,336477694162,Inbound voice from +4741473959,Administrative,Onboarding,2026-01-06T11:05:04.361+00:00,MEDIUM,1,0,0,,
recent,subcategory,Onboarding,431a9a53-1c5b-4041-b15e-2a43e88d3142,340543541447,Inbound voice from +4745122025,Administrative,Onboarding,2026-01-06T10:50:13.683+00:00,MEDIUM,1,0,0,,
recent,subcategory,Onboarding,748785ab-9d06-4876-9a0d-4d6a8c7a7120,341052866785,Inbound voice from +4747458660,Administrative,Onboarding,2026-01-06T07:28:18.351+00:00,MEDIUM,3,1,1,2026-01-06 08:44:29.692000+01:00,Send bilde her
recent,subcategory,Onboarding,86c71c51-e17a-44b4-992a-98cf461cff97,340481274045,Inbound voice from +4745811432,Administrative,Onboarding,2026-01-05T13:32:42.594+00:00,MEDIUM,1,0,0,,
random,subcategory,Onboarding,4c56d757-4f3c-4c10-99c7-983596bed221,176314732759,Gjesteparkering,General,Onboarding,,,2,,,2025-07-15 02:05:02.657000+02:00,"Hei, Stein 	 Takk for din henvendelse og jeg beklager for sent svar. 	 Som du skriver, for Ã¥ bruke ladere knyttet til vÃ¥rt system, sÃ¥ trenger du Ã¥ opprette en brukerprofil og deretter aktivere et abonnement. 	 Om det er en felleslader, sÃ¥ kan du fÃ¸lge stegene i veiledningen he..."
random,subcategory,Onboarding,b27a3872-f75a-458d-8bb1-b7ca91a17938,304132763839,Sales - Ny henvendelse fra kontaktskjema web,Administrative,Onboarding,2025-12-01T18:13:04.186+00:00,,0,0,0,,
random,subcategory,Onboarding,59f4a7d8-34cb-45c2-9b03-45badd6ca1b7,10295404765,Ladetilkobling Cappelensgt BRL,General,Onboarding,,,2,,,2024-10-16 18:46:45.332000+02:00,Hei og takk for henvendelsen.  	 Serienr pÃ¥ plass 33 i det borettslaget skal vÃ¦re: EC007138 	 For Ã¥ komme igang med ladingen hjemme mÃ¥ du fÃ¸lge disse 2 stegene:Â  1. Du mÃ¥ ha et ladeabonnement hos Volterra. Bestilling av ladestasjon og/eller abonnement gjÃ¸res ved Ã¥ sÃ¸ke opp ditt ...
random,subcategory,Onboarding,b2846140-43f7-4147-a9bb-5fa993ad35b8,327217890520,Outbound voice to Internal,Administrative,Onboarding,2025-12-16T16:49:12.784+00:00,MEDIUM,1,0,0,,
random,subcategory,Onboarding,e0921caa-c8b0-4aa2-afda-ddd4938370a5,330405930211,Support - New inquiry from the website form,Administrative,Onboarding,2025-12-20T07:31:40.699+00:00,,0,0,0,,
random,subcategory,Onboarding,2a9b46f5-7a89-4771-89dc-fddab73a94cd,311600521441,Benterudstranda 2 plass 16,Administrative,Onboarding,2025-12-02T08:57:44.233+00:00,,4,2,1,2025-12-21 22:56:30.054000+01:00,"Hei, 	 Beklager den sene responsen. Det var litt uklart oppfÃ¸rt i Zaptec systemet dessverre, men jeg tror serienummeret er ZCS015924.  	 For sikkerhets skyld anbefaler jeg at du dobbeltsjekker dette med styret eller den som bruker laderen nÃ¥. 	 Takk for samarbeidet, og jeg vil..."
random,subcategory,Onboarding,72bef1bf-55d9-44ea-b85d-fcd3f4d76e63,176423682284,Bestilt abonnement ikke levert ,General,Onboarding,,,1,,,2025-07-07 15:57:35.948000+02:00,"Hei! Har overtatt leilighet med privat ladestasjon og bestilt abonnement, men ikke fÃ¥r ikke opp noe i appen, og ikke klart til bruk. StÃ¥r pÃ¥ siden deres at det skal ta 10 min fra bestilling til den er klar for bruk.   NÃ¥r kan jeg forvente Ã¥ kunne ta den i bruk?  Mvh Erlend Har..."
random,subcategory,Onboarding,5a33b312-28cb-4aad-a7d5-4ab1415fb881,311568212207,Outbound voice to Internal,Administrative,Onboarding,2025-12-02T12:55:48.349+00:00,MEDIUM,2,0,0,,
random,subcategory,Onboarding,8259bfce-2ce3-4182-8dcc-e743ff6aafed,8482299068,"""Venter pÃ¥ lader""",General,Onboarding,,,4,,,2024-10-03 14:55:25.188000+02:00,Hei. 	 Ser at du heldigvis har fÃ¥tt hjelp med aktivisering av din lader og at denne er ladet pÃ¥ med god effekt 01.10. HÃ¥per du blir fornÃ¸yd med den! 	 Dersom du lurer pÃ¥ noe eller behÃ¸ver akutt ladehjelp kan du gi vÃ¥rt kundesenter en lyd pÃ¥ telefon 915 90 500. 	 Ã˜nsker deg en ...
random,subcategory,Onboarding,daba9b64-c760-411e-9275-cf7a6dedf9f6,304184628443,Outbound voice to Internal,Administrative,Onboarding,2025-12-01T12:13:26.798+00:00,MEDIUM,1,0,0,,
random,subcategory,Onboarding,b405312b-6228-4363-88d9-4af95b90f1bd,101730587842,"Support - Driver Order - Ã–stra Lerberget 4 smf, Jakob Andersson",Administrative,Onboarding,2025-03-05T17:28:00.921+00:00,,1,1,1,2025-03-06 11:09:47.190000+01:00,"Hej Jakob, 	 Kul att du vill bÃ¶rja ladda med oss!  FÃ¶r att komma i gÃ¥ng med den smarta laddningen behÃ¶ver du Volterras app. Hur du hittar i appen ser du i vÃ¥r Volterra app-guide (klicka hÃ¤r) (https://volterra.example.com/se/anvandarmanual-for-volterra-appen-privat-laddare), eller fÃ¶lj stegen n..."
random,subcategory,Onboarding,48ca4a7c-ff79-4a06-a3db-27359816d2c7,134320929000,Omregistrering av lader etter dÃ¸dsfall,General,Onboarding,,,6,,,2025-05-12 14:08:42.442000+02:00,"Hei igjen, Berit! 	 Jeg ser at borettslaget du tilhÃ¸rer heter ""Gjekstadskogen Borettslag"", sÃ¸ker du kanskje pÃ¥ noe annet i sÃ¸kefeltet? 	 Vi har et telefonnummer man kan komme i kontakt med oss pÃ¥, man kan ringe inn til vÃ¥r ladehjelp pÃ¥ 915 90 500. Denne linjen er i grunn egent..."
random,subcategory,Onboarding,b25cd4d2-bdd4-48c4-b4e1-0002223194d5,256709325011,Outbound voice to Internal,Administrative,Onboarding,2025-10-21T13:42:04.074+00:00,MEDIUM,1,0,0,,
random,subcategory,Onboarding,2ca8e99b-4d30-4a32-8ca6-33ba5a780087,315588435187,Ã…lsumpen gÃ¥r inte att bestÃ¤lla abonnemang,Administrative,Onboarding,2025-12-04T16:09:30.194+00:00,MEDIUM,2,0,0,,
random,subcategory,Onboarding,6d33cbe5-63b8-404f-bac3-8a86bc40ed80,333074721004,Inbound voice from +46737828286,Administrative,Onboarding,2025-12-23T07:25:10.689+00:00,MEDIUM,1,0,0,,
recent,subcategory,Unstable charging,002d37e1-b481-4ad1-abb6-f0aaed4e8258,346064785609,Inbound voice from +4740435572,Technical,Unstable charging,2026-01-10T21:02:58.489+00:00,MEDIUM,1,0,0,,
recent,subcategory,Unstable charging,8cf82941-6a4f-4f11-9bb0-d451a064f16c,343743220970,Inbound voice from +4790856396,Technical,Unstable charging,2026-01-08T09:57:19.902+00:00,MEDIUM,1,0,0,,
recent,subcategory,Unstable charging,e13eea3e-42cd-4c80-8f0f-0d2c1d62cfec,341116435642,Inbound voice from +46704401774,Technical,Unstable charging,2026-01-06T08:57:44.878+00:00,MEDIUM,1,0,0,,
recent,subcategory,Unstable charging,9238ad31-2889-41b3-bea0-188cc18204ab,340198596798,Outbound voice to Internal,Technical,Unstable charging,2026-01-05T08:01:22.284+00:00,MEDIUM,1,0,0,,
recent,subcategory,Unstable charging,af9ba74c-f502-409e-aea6-bbc0d5c4e73f,339535252672,Inbound voice from +4798208857,Technical,Unstable charging,2026-01-04T13:29:37.124+00:00,MEDIUM,1,0,0,,
recent,subcategory,Unstable charging,c61244f1-bdfb-45e6-aef5-843f43604c13,336489170117,Inbound voice from +4792671989,Technical,Unstable charging,2026-01-03T18:54:13.339+00:00,MEDIUM,1,0,0,,
recent,subcategory,Unstable charging,9ca9837d-106b-41cb-b5df-fe3f82f1799d,337269677284,Inbound voice from +4791525013,Technical,Unstable charging,2026-01-03T16:45:27.286+00:00,MEDIUM,1,0,0,,
recent,subcategory,Unstable charging,11687d26-04ec-4344-95ff-4189fc735f42,334878871800,Inbound voice from +4746504974,Technical,Unstable charging,2025-12-30T09:43:36.889+00:00,MEDIUM,1,0,0,,
random,subcategory,Unstable charging,20fd6e5a-1459-4e2b-9517-08ab40a1584c,334882458815,Inbound voice from +4740040412,Technical,Unstable charging,2025-12-30T08:28:56.434+00:00,MEDIUM,2,0,0,,
recent,subcategory,Unstable charging,0c6492c8-bbc5-4e7d-b7f2-13a508ca49d2,335716059377,Inbound voice from +4740040412,Technical,Unstable charging,2025-12-29T10:27:37.2+00:00,MEDIUM,1,0,0,,
random,subcategory,Unstable charging,d4eec09c-84fa-441c-8ebb-3659c754d531,127314111718,Aktivere lader,General,Unstable charging,,,2,,,2025-04-25 04:09:10.818000+02:00,"Hei Ã…slaug, 	 Tusen takk for din henvendelse. 	 Jeg ser at laderen er pÃ¥ nett for Ã¸yeblikket, og at bilen din lader fint nÃ¥. Alt ser derfor ut til Ã¥ vÃ¦re i orden :-) gi meg beskjed dersom det skulle oppstÃ¥ igjen, eller om du har noen andre spÃ¸rsmÃ¥l! 	 Ã˜nsker deg en fin dag!  t..."
random,subcategory,Unstable charging,45d6475a-7fd0-4b0a-bfc3-f180372a7392,321813423315,DÃ¥lig nÃ¤tverksanslutning,Technical,Unstable charging,2025-12-11T06:28:35.661+00:00,MEDIUM,14,7,1,2025-12-19 20:56:43.791000+01:00,Hej Tom! 	 Vi har fÃ¥tt svar frÃ¥n SkÃ¥rebo att de Ã¤ndrat lite i instÃ¤llningarna pÃ¥ din laddbox som fÃ¶rhoppningsvis ska hjÃ¤lpa mot laddhastigheten. 	 Prova gÃ¤rna ladda som vanligt och Ã¥terkom om problemet kvarstÃ¥r sÃ¥ fÃ¥r vi felsÃ¶ka vidare. 	 Ã–nskar dig en trevlig helg!  mÃ¥ndag 15...
random,subcategory,Unstable charging,cfb8058e-ea15-4346-ae71-103fd2d38ba6,210796197091,Defekt lader  ECTRXW68,General,Unstable charging,,,7,,,2025-08-24 01:25:36.040000+02:00,"Hei, David 	 Takk for din henvendelse og det er leit Ã¥ lese om problemene du opplever med din lader. 	 Jeg har sjekket opp i det her nÃ¥, og laderen er nok ikke defekt. 	 Det jeg ser er at den ikke er pÃ¥ det lokale wifi nettet, som er Ã¥rsaken til at den er ustabil. Jeg jobber m..."
random,subcategory,Unstable charging,e17b5f5a-0b7b-4073-8ddc-f5d34cc3b996,722968048,Ringe,Technical,Unstable charging,2022-05-04T06:05:47.889+00:00,,1,0,0,,
random,subcategory,Unstable charging,935567d6-08f4-459f-a5c7-7a718a4dc1c6,111753851080,Ombedd att kontakta er,General,Unstable charging,,,1,,,2025-03-25 23:02:31.572000+01:00,"Hej!  Jag blev ombedd av Selma att kontakta er genom mail eller telefon. Jag har inte riktigt haft tid eller ork att gÃ¶ra det, men tÃ¤nker hÃ¶ra av mig nu fÃ¶r att ta reda pÃ¥ vad det var ni ville ta upp.  Jag kan ocksÃ¥ passa pÃ¥ att nÃ¤mna att just nu kl. 23:00 sÃ¥ Ã¤r laddaren offli..."
random,subcategory,Unstable charging,a3b20a3d-4af9-46a4-a348-7cc2e251534f,10527423191,Zaptec Pro,General,Unstable charging,,,4,,,2024-10-18 09:29:45.093000+02:00,"Hej Roni, 	 Tack fÃ¶r din Ã¥terkoppling. 	 Ja jag kan se att du fÃ¶rsÃ¶kt starta flera gÃ¥nger under den perioden men jag Ã¤r glad att hÃ¶ra att det fungerar nu. 	 Om du stÃ¶ter pÃ¥ liknande problem igen kan du prova att starta om laddboxen genom appen, det brukar kunna lÃ¶sa mÃ¥nga till..."
random,subcategory,Unstable charging,f9cc858c-3e3f-49c8-b38e-141a1a844572,287756505308,Jaguar fÃ¥r ikke ladet. Inbound voice from +4745482821,Technical,Unstable charging,2025-11-11T17:49:31.139+00:00,MEDIUM,18,8,1,2025-11-30 21:23:48.960000+01:00,Hei Eyolf! 	 Easee lurer pÃ¥ om dere har mulighet til Ã¥ teste en annen kabel til bilen deres pÃ¥ ladeboksen? 	 Eller om dere har prÃ¸vd dette tidligere. De vil gjerne vite for Ã¥ kunne utelukke en del mistanker om hva feilen kan vÃ¦re her.
random,subcategory,Unstable charging,6a382a2b-681e-4b29-9c3d-97d57a678246,169321661681,AKUTPROBLEM,General,Unstable charging,,,1,,,2025-06-25 18:56:14.501000+02:00,"Hej,  Detta gÃ¤ller BRF Dopfunten i SkÃ¶ndal, Stockholm.  Idag Ã¤r det andra gÃ¥ngen laddaren inte fungerar nÃ¤r jag ska anvÃ¤nda den. Det stÃ¥r â€Laddare saknar nÃ¤tverkskopplingâ€  Laddaren fungerade felfritt nÃ¤r Chargebuddy skÃ¶tte driften. Detta problem har utkommit nu nÃ¤r ni ansvara..."
random,subcategory,Unstable charging,f3ed9b1c-34a8-402b-ad57-cf85dd0b45d5,105589180617,Ustabilt StrÃ¸m,General,Unstable charging,,,3,,,2025-03-14 13:51:05.380000+01:00,"Hei Zeeshan, 	 Jeg har sett pÃ¥ ladeÃ¸ktene dine for mars, og de ser ut til Ã¥ ha gÃ¥tt fint generelt. Jeg ser likevel at du hadde utfordringer med lading den 13. mars. Dette skyldtes at laderen var uten nett, men etter et par timer var den tilbake pÃ¥ nett igjen. 	 Hvis du trenger..."
random,subcategory,Unstable charging,413b5e9a-6930-4bb0-bbca-146e67ceff55,206216099007,Lading i min lader MjÃ¸lkerÃ¥en borettslag fungerer ikke,General,Unstable charging,,,2,,,2025-08-17 01:12:03.433000+02:00,"Hei, Terje 	 Takk for din henvendelse og jeg har sjekket opp i det her nÃ¥. 	 Vi har forhÃ¸rt oss om problemet med leverandÃ¸ren, men har fÃ¥tt tilbakemelding om at denne laderen er over 5 Ã¥r gammel.  	 De vil ikke erstatte denne laderen pÃ¥ garanti. Ã˜nsker du Ã¥ bytte laderen, sÃ¥ v..."
random,subcategory,Unstable charging,cf137afb-9579-4d7e-aa51-800376ad673a,65069568188,Ikke lading,General,Unstable charging,,,3,,,2025-01-07 12:54:06.955000+01:00,"Hei Marthe, 	 Jeg har nettopp snakket med Severin pÃ¥ telefon og fÃ¥tt avklart et par ting. Jeg har bestilt en tekniker til Ã¥ se pÃ¥ laderen din om det er noe feil. Dersom de ikke finner noe feil sÃ¥ kommer de til Ã¥ feilsÃ¸ke pÃ¥ anleggsnivÃ¥ i hÃ¥p om at vi finner feilen her. Jeg har..."
random,subcategory,Unstable charging,8dee8f61-513a-44f9-b2ff-9f9f1c3d5bea,47738899646,Ladestasjon,General,Unstable charging,,,1,,,2024-12-11 19:59:19.870000+01:00,"Hei, det er problemer med Ã¥ fÃ¥ satt igang lading pÃ¥ plass nr 52 i parkeringssameiet SMG 16-20. LÃ¸renskog. Dette mÃ¥ rettes opp i asap da vi mÃ¥ kunne stole pÃ¥ ladestasjoner vi tross alt betaler abonnement pÃ¥.  Vennligs gi tilbakemelding pÃ¥ at denne meldingen er mottatt og beskje..."
random,subcategory,Unstable charging,851ae875-09a4-42b5-b075-b87a1a85a380,205456272632,Ladestasjoner pÃ¥ Aspehaugen borettslag,General,Unstable charging,,,2,,,2025-08-17 01:20:27.076000+02:00,"Hei, Aleksander 	 Takk for din henvendelse og jeg har sjekket opp i det her nÃ¥. 	 Jeg har tatt en titt pÃ¥ ladestasjonene du har brukt de siste dagene og finner ingen feil med dem. 	 Om du fortsatt opplever lav ladeeffekt, sÃ¥ vil jeg anbefale deg Ã¥ ringe mens du har en aktiv la..."
random,subcategory,Unstable charging,32b29c19-d081-4442-925c-d20b956e1bbf,97664205021,Problemer med ladehastighet â€“ serviceforespÃ¸rsel for ladestasjon pÃ¥ NylÃ¦nde,General,Unstable charging,,,6,,,2025-03-03 09:09:56.036000+01:00,"Hei! Er det sÃ¥nn at driver skal demonter laderen for Ã¥ ta bilder?  svar fra driver:  Hei 	 ForstÃ¥r jeg deg riktig at dere Ã¸nsker at jeg selv mÃ¥ demontere et elektrisk apparat under spenning og ta flere bilder for Ã¥ fÃ¥ garantien?Â  Jeg har verken elektrikerutdanning, lyst eller ..."
recent,subcategory,Hardware failure,07862e88-7ceb-4036-860c-bba6c928d40c,345322403058,Outbound voice to Internal,Technical,Hardware failure,2026-01-10T17:07:02.395+00:00,MEDIUM,0,0,0,,
recent,subcategory,Hardware failure,7992444d-3690-4817-b360-c7af4aa04e71,345708925118,Inbound voice from +4746890293,Technical,Hardware failure,2026-01-09T19:54:32.33+00:00,MEDIUM,5,1,1,2026-01-09 21:06:28.742000+01:00,"Hei, 	 FÃ¸lg stegene under for Ã¥ ta av dekselet og skru pÃ¥ intern sikringen igjen.Â  Â  1. Fjern frontdekselet ved Ã¥ bruke nÃ¸kkelen. PÃ¥ toppen av lokket er det et hull som nÃ¸kkelen passer til. Sett inn nÃ¸kkelen og pass pÃ¥ at du holder nÃ¸kkelen parallelt med bakken. Det kan vÃ¦re l..."
recent,subcategory,Hardware failure,36ef4d53-9018-4b8f-80d5-f2911fa73ff0,343097202886,Inbound voice from +4790087139,Technical,Hardware failure,2026-01-08T11:00:49.207+00:00,MEDIUM,1,0,0,,
recent,subcategory,Hardware failure,6255b501-3320-47b6-9430-b38da9092b29,343690165489,Inbound voice from +46763465344,Technical,Hardware failure,2026-01-08T10:52:00.007+00:00,MEDIUM,0,0,0,,
recent,subcategory,Hardware failure,23012fd4-80f3-461e-b750-bfa6b4285095,343663164617,Inbound voice from +4798467750,Technical,Hardware failure,2026-01-08T10:44:30.806+00:00,MEDIUM,1,0,0,,
recent,subcategory,Hardware failure,fb514f32-6922-4101-8d75-ddef97842d7a,343393288378,Outbound voice to Internal,Technical,Hardware failure,2026-01-08T09:18:29.129+00:00,MEDIUM,1,0,0,,
recent,subcategory,Hardware failure,55a31b82-525b-4a31-9b61-bea8efb9d056,342187842809,Outbound voice to Internal,Technical,Hardware failure,2026-01-07T11:24:00.821+00:00,MEDIUM,1,0,0,,
recent,subcategory,Hardware failure,4e4f4cb1-e1fa-4d22-938d-97e340aa2ac0,342182399165,Outbound voice to Internal,Technical,Hardware failure,2026-01-07T11:18:09.57+00:00,MEDIUM,1,0,0,,
recent,subcategory,Hardware failure,9f15ed19-7fd1-4bd0-86c9-e31b5be17bfa,342065020148,Outbound voice to Internal,Technical,Hardware failure,2026-01-07T07:44:00.433+00:00,MEDIUM,1,0,0,,
recent,subcategory,Hardware failure,4fe424ff-1720-4f92-9d1d-281088dd559a,336398618828,Outbound voice to Internal,Technical,Hardware failure,2026-01-06T13:18:47.905+00:00,MEDIUM,1,0,0,,
random,subcategory,Hardware failure,8cccb11e-9407-4e8f-bdc4-4c8f1c0efae3,7263606517,Chip i bakplate pÃ¥ din lader ble byttet i dag,General,Hardware failure,,,3,,,2024-09-25 15:10:08.756000+02:00,"Hei Thomas, 	 Det er 2 ladere som ikke er pÃ¥ WiFi. Den ene er plass 72 som er pÃ¥ nett med 4G (og ldÃ¥rlig dekning/signal). Den klarer ikke Ã¥ koble seg til WiFi som heter CircleK_Charge. Dette nettverket er vel det om er dedikert til ladeanlegget. 	 Ser at lader finner et nettve..."
random,subcategory,Hardware failure,f6185a5f-6211-4f93-b8b9-cdbc585a3874,193267518655,Sv: VB: EC2LN2WN - mistanke om hÃ¸ytemperatur,General,Hardware failure,,,3,,,2025-07-30 13:20:54.546000+02:00,"Hei igjen,   Denne skal sendes til:  	 Tim Frick [EMAIL] +47 401 84 401 	 Meltek AS Rundtjernveien 70B 0672 Oslo Norway  Takk.  tisdag 29 juli 2025 15:47:32 +0200, Support : >Hej, > > >Snyggt fÃ¶rarbete. Detta blir smidigt att skicka till easee :)) Tack! > > >Skicka Ã¶ver adress..."
random,subcategory,Hardware failure,b6c4d64c-b2e9-458b-96c6-636d068e9fb9,109853227194,Inbound voice from +4747022757,Technical,Hardware failure,2025-03-21T12:46:12.88+00:00,MEDIUM,1,0,0,,
random,subcategory,Hardware failure,031f1f40-45fb-42ec-8cea-6b4d45df8985,331563778277,Inbound voice from +4792267773,Technical,Hardware failure,2025-12-21T07:01:52.098+00:00,MEDIUM,1,0,0,,
random,subcategory,Hardware failure,c5c5e970-d372-4c47-802a-c7c4f2c52b73,336288220376,Outbound voice to Internal,Technical,Hardware failure,2025-12-30T16:24:29.35+00:00,MEDIUM,2,1,1,2025-12-30 17:59:55.400000+01:00,"Hej SkÃ¥rebo! 	 Denna laddare ZCS012380 fungerade tidigare innan vi tog Ã¶ver den. Efter en laddning slutade den fungera med error ""UnderVoltage"". Jag bad kunden att kolla sÃ¤kringen som dem sa var pÃ¥, men Ã¤ven nÃ¤r dem stÃ¤ngde av och pÃ¥ den sÃ¥ fungerade laddning inte. Vi fick doc..."
random,subcategory,Hardware failure,25552742-59de-47df-95e3-25f6ceb8135d,71198393530,Lastbalanserare offline Volterra,Technical Support,Hardware failure,,,3,,,2025-01-16 14:08:41.224000+01:00,"Hej igen, 	 Den Ã¤r dÃ¶pt till ""modisten lilla parkeringen"" om det hjÃ¤lper, vi kikade pÃ¥ bilder och det bÃ¶r vara i kÃ¤llaren pÃ¥ huset pÃ¥ Fredrika Bremers gata 21, samma central dÃ¤r det Ã¤r kopplat solpanel till :)  torsdag 16 januari 2025 11:32:39 +0100, lonard : >Vart sitter den?..."
random,subcategory,Hardware failure,0da60ad3-2d78-4f97-b361-17eee16712e4,87822269629,Inbound voice from +4747022757,Technical,Hardware failure,2025-02-13T07:24:04.412+00:00,MEDIUM,1,0,0,,
random,subcategory,Hardware failure,28512515-7f27-43a8-afa5-15e30fc550b3,169875623101,Laderboks fungerer ikke,General,Hardware failure,,,8,,,2025-07-12 07:33:58.152000+02:00,"Hei igjen, Hege 	 Det er leit Ã¥ lese at det fortsatt virker Ã¥ vÃ¦re et problem. 	 Jeg klarer dessverre heller ikke Ã¥ se hva som kan vÃ¦re Ã¥rsak her, sÃ¥ jeg har tatt Ã¥ kjÃ¸rt en restart pÃ¥ ladeboksen. 	 Jeg hÃ¥per det vil hjelpe med opplevelsen din.  	 Hvis det fortsatt skulle vÃ¦re..."
random,subcategory,Hardware failure,d3ae7d6a-c907-4d80-8e5a-80dc9f25d71f,102297070791,"(XID:15312) Fwd: SO-R24044000010-Plass 54 ,a22491020137-Plass21,A23014020174-Plass 9 Tickets Actions SO-R24044000010-Plass 54,a22491020137-Plass 21,A23014020174-Plass 9",General,Hardware failure,,,3,,,2025-03-07 14:54:51.042000+01:00,"Hei,  	 Beklager at jeg sende til feil epost.  fredag 7 mars 2025 14:46:38 +0100, BlueTec AS : >Hei. Det er nok fordi dere sender til en ansatt hos oss etter gjentatte tilbakemeldinger om at alle mailer skal sendes til [EMAIL]  > >ordre er nÃ¥ opprettet og sendt til elektriker ..."
random,subcategory,Hardware failure,e8a1b32a-8f7b-4412-95ca-4ab357eef5c7,9543770612,Fw: High temp - EC046052,General,Hardware failure,,,1,,,2024-10-09 18:01:51.680000+02:00,"Videresender Mail fra easee.  Mvh Ing. Tim Robin Frick Saksbehandler/Prosjektleder Tlf: 401 84 401 Mail: [EMAIL] [signatureImage] [signatureImage] ________________________________ Fra: Victor (Easee)  Sendt: mandag, oktober 7, 2024 9:30 am Til: MELTEK AS  Emne: High temp  We h..."
random,subcategory,Hardware failure,6ac5d388-db0a-4d95-accf-9127c2c1caa4,83790419176,DÃ¥rlig effekt pÃ¥ ladepunkt,General,Hardware failure,,,2,,,2025-02-14 08:50:22.507000+01:00,"Heisann og takk for henvendelsen,  	 Beklager sÃ¥ mye for sen tilbakemelding, det er stor pÃ¥gang pÃ¥ vÃ¥r ende for tiden. Jeg har undersÃ¸kt ladestasjon nr 6 og ser at det er tegn til varmegang pÃ¥ ladestasjonen, det vil si at det er meldt om hÃ¸y temperatur pÃ¥ den og da vil den aut..."
random,subcategory,Hardware failure,c641ec5f-0ed2-4e7d-9a00-26dcd2393b0e,43126142157,Re: Support Volterra,General,Hardware failure,,,9,,,2024-12-11 16:17:05.681000+01:00,"Hej Anders, 	 Kul att hÃ¶ra att det nu fungerar fÃ¶r dig! Det Ã¤r vÃ¥ra servicetekniker som har undersÃ¶kt och hanterat problemet med din laddbox, jag har inte mottagit nÃ¥gon ny information Ã¤n men det kan mycket mÃ¶jligt vara sÃ¥ att de vidtagit Ã¥tgÃ¤rder. 	 Tveka inte att kontakta os..."
random,subcategory,Hardware failure,38e31f9c-d28a-4ff1-ac82-b4b52cbdcfb4,339029315772,Inbound voice from +4790939585,Technical,Hardware failure,2026-01-03T16:35:09.152+00:00,MEDIUM,1,0,0,,
random,subcategory,Hardware failure,909a06dc-6567-48b8-abbb-55ef2b693bdd,82640350415,Inaktiva laddboxar Lejonet SÃ¶dertÃ¤lje ,General,Hardware failure,,,3,,,2025-02-07 12:12:48.900000+01:00,"Hej Anna, 	 Kul att ni nu kommit igÃ¥ng! Jag kan se att laddboxarna fungerar nu. HÃ¶r gÃ¤rna av dig om du upplever fler problem! 	 Ã–nskar dig en fin helg!  onsdag 5 februari 2025 11:03:32 +0100, Anna BÃ¤ckstrÃ¶m : >Hej,  > >Kan man fÃ¥ nÃ¥gon Ã¥terkoppling pÃ¥ problemet med laddboxarna..."
random,subcategory,Hardware failure,8882e9f0-ea56-4857-9937-def16031fa71,7174468073,Outbound voice to Internal,Technical,Hardware failure,2024-09-24T08:37:37.678+00:00,MEDIUM,1,0,0,,
recent,subcategory,User error,25d13d75-4f8b-4011-872a-df315392218b,346246025415,Inbound voice from +4794891049,Technical,User error,2026-01-11T01:17:02.17+00:00,MEDIUM,1,0,0,,
recent,subcategory,User error,a2b76f15-e724-4bfa-8b9c-da222499e542,345417538779,Inbound voice from +4745224097,Technical,User error,2026-01-10T23:06:23.394+00:00,MEDIUM,1,0,0,,
recent,subcategory,User error,8c8f4bbb-b0af-4032-85a5-c014c2c721b0,345481645251,Outbound voice to Internal,Technical,User error,2026-01-10T11:25:49.378+00:00,MEDIUM,1,0,0,,
recent,subcategory,User error,8f34a8e5-189f-4e1f-8495-422dca116ead,345225783520,Outbound voice to Internal,Technical,User error,2026-01-10T11:02:48.995+00:00,MEDIUM,1,0,0,,
recent,subcategory,User error,78a7dc4f-5477-400c-82bd-1b9af7c51ca9,345625948399,Inbound voice from +4792284800,Technical,User error,2026-01-10T09:54:16.238+00:00,MEDIUM,1,0,0,,
recent,subcategory,User error,f0b5ddf6-29a2-407f-b3b0-a478ff4d647a,345547586802,Inbound voice from +4790152435,Technical,User error,2026-01-10T08:51:48.937+00:00,MEDIUM,1,0,0,,
recent,subcategory,User error,21f42495-58ed-40ba-aaf5-a977126f1239,345268977887,Inbound voice from +4797143958,Technical,User error,2026-01-10T08:18:25.527+00:00,MEDIUM,1,0,0,,
recent,subcategory,User error,486a1066-a597-4339-96a2-f0b9a2609676,345711803612,Inbound voice from +4791757287,Technical,User error,2026-01-10T07:10:46.953+00:00,MEDIUM,1,0,0,,
recent,subcategory,User error,79c60ea0-7cb9-4a5e-ba92-a4d0afe60db3,342339986667,Inbound voice from +4795295129,Technical,User error,2026-01-07T12:14:41.343+00:00,MEDIUM,1,0,0,,
recent,subcategory,User error,907e0be5-d58e-41df-94b2-ba89bca0b02a,342070571219,Inbound voice from +4741455773,Technical,User error,2026-01-07T08:37:00.427+00:00,MEDIUM,1,0,0,,
random,subcategory,User error,04dd6649-8590-4ef1-9528-b873927f3e0c,156364417259,Inbound voice from +4795295129,Technical,User error,2025-06-03T17:48:12.27+00:00,MEDIUM,1,0,0,,
random,subcategory,User error,9a19a535-e33a-410b-bb25-8a1125bd5bd7,86602216675,Inbound voice from +4747022757,Technical,User error,2025-02-12T20:01:03.308+00:00,MEDIUM,0,0,0,,
random,subcategory,User error,13b45d03-e3ca-4a84-bf2e-f74e0565ae4c,83942340837,Lader stopper,General,User error,,,2,,,2025-02-17 15:13:00.459000+01:00,"Heisann og takk for henvendelsen,  Beklager sÃ¥ mye for sen tilbakemelding, det er for tiden stor pÃ¥gang pÃ¥ vÃ¥r ende. Jeg har undersÃ¸kt ladestasjonen dere og stusser litt pÃ¥ at det er ofte restart pÃ¥ den. Er dette noe dere gjÃ¸r?  	 Jeg tenker uansett Ã¥ sjekke med Zaptec om dett..."
random,subcategory,User error,4a47be1b-4097-4df1-9080-e83e26432812,312747141311,Inbound voice from +4741595816,Technical,User error,2025-12-03T10:36:34.688+00:00,MEDIUM,1,0,0,,
random,subcategory,User error,71948e05-4c4f-4ab9-8554-93ebd3afc6f4,220304257219,Rollandslien BRL,General,User error,,,4,,,2025-09-04 04:18:52.498000+02:00,"Hei, Mats 	 Takk for din henvendelse og jeg har sjekket opp i det her nÃ¥. 	 Er ikke helt sikker pÃ¥ hva du sikter til her, da alt virker Ã¥ vÃ¦re ok sÃ¥ langt jeg kan se. 	 Hvis det har vÃ¦rt noen ladere som har vÃ¦rt uten nettverksforbindelse, sÃ¥ har de kommet tilbake pÃ¥ nett nÃ¥. 	..."
random,subcategory,User error,963707eb-8f57-405d-9592-785b6e7783a1,231096601800,Inbound voice from +4792226478,Technical,User error,2025-09-22T08:59:43.864+00:00,MEDIUM,1,0,0,,
random,subcategory,User error,006d9b57-d785-4c21-82a6-3417aab71e3c,255928355014,Inbound voice from +46707923475,Technical,User error,2025-10-20T15:26:49.033+00:00,MEDIUM,0,0,0,,
random,subcategory,User error,c92fc89c-2e35-46df-986c-2a614c31a0d6,105065898230,"Lading ,abonnement hos dere",General,User error,,,3,,,2025-03-13 14:57:42.884000+01:00,"Hei, Jorunn! 	 Det var leit Ã¥ hÃ¸re at du ble forsinket til mÃ¸tet ditt grunnet at kabelen satt fast, men godt Ã¥ hÃ¸re at du fant det ut pÃ¥ egenhÃ¥nd! LÃ¸sningen du gjorde er en av de vi anbefaler nÃ¥r du ringer inn. 	 Vi hadde litt pÃ¥gang pÃ¥ morningen idag og det tok desverre derfo..."
random,subcategory,User error,8fa1f3c7-54d8-4369-a91f-f4f83ea2c8c2,65277239516,FÃ¥r ikke ladet,General,User error,,,2,,,2025-01-07 13:59:58+01:00,Hei og takk for henvendelsen ðŸ˜ŠÂ Â   PÃ¥ et lastbalansert anlegg er det vanlig Ã¥ oppleve at ladingen starter og stopper relativt ofte. Dette kan skyldes behovet for Ã¥ sjekke tilgjengelig effekt eller for Ã¥ frigjÃ¸re effekt til andre som lader. Disse pausene er vanligvis pÃ¥ 2-3 minu...
random,subcategory,User error,2d140206-d8af-4c3f-820c-210f80a35fd8,292589350124,Inbound voice from +46707923475,Technical,User error,2025-11-15T13:30:09.763+00:00,MEDIUM,0,0,0,,
random,subcategory,User error,d8225709-8980-421c-ad9e-011e76a8d6ff,310820484300,Inbound voice from +4793668181,Technical,User error,2025-12-01T14:50:25.398+00:00,MEDIUM,1,0,0,,
random,subcategory,User error,2c623c5f-c89f-41d0-bcd4-22a3d15cc760,36385661126,Utfordringer med lading,General,User error,,,1,,,2024-11-23 00:42:29.947000+01:00,"Hei.  NÃ¥r igjen opplever jeg utfordring med lading. Appen viser at det er klart til lading, men det gÃ¥r ikke Ã¥ trykke pÃ¥ noe/starte lading. Vet dere hva feilen er? Det er ikke fÃ¸rste gsng jeg opplever dette. Jeg har forsÃ¸kt restart veldig mange ganger  Mvh RenÃ© Arnesen  Sendt ..."
random,subcategory,User error,dcead425-d5fd-4587-9a26-93a657581d79,53074886855,FÃ¥r ikke ladet nÃ¥. Kan dere hjelpe. Mvh Nina Holm Andersen,General,User error,,,2,,,2024-12-19 14:20:44.537000+01:00,"Hei Nina, 	 Jeg ser pÃ¥ ladeÃ¸ktene dine i det siste at det er stÃ¸rre opphold i ladingen som fÃ¸lge av at bilen slutter Ã¥ trekke strÃ¸m i disse tidsrommene. Ta for eksempel denne Ã¸kten:  StrÃ¸m ble tilbudt fra laderen under hele Ã¸kten, men det ble kun trukket strÃ¸m mellom klokken 0..."
random,subcategory,User error,02ad3e51-2756-4f89-a501-cca7fc6ba6ba,166261369032,ZPR059334,General,User error,,,6,,,2025-06-26 13:46:36.791000+02:00,"Hei! 	 Beklager sent svar. 	 Jeg klarer ikke Ã¥ se hvorfor laderen din oppfÃ¸rer seg sÃ¥nn.  Jeg har videresendt saken til vÃ¥r leverandÃ¸r for bistand.  	 Du vil hÃ¸re fra meg sÃ¥ fort jeg vet noe mer. 	 Beklager igjen.  On Thu, Jun 19, 2025 at 5:26 PM, Ove Utland wrote: >Hei >Var i..."
random,subcategory,User error,7897a71f-5430-49fd-85e1-23dd734f57eb,318814743743,Outbound voice to Internal,Technical,User error,2025-12-08T08:36:38.376+00:00,MEDIUM,1,0,0,,
